{"cameraMode":{"drawMode":31,"name":"Sprite Mask","section":"Miscellaneous"},"sceneLighting":true,"audioPlay":false,"sceneViewState":{"showFog":false,"showMaterialUpdate":false,"showSkybox":true,"showFlares":false,"showImageEffects":false,"showParticleSystems":false},"in2DMode":false,"pivot":{"x":13.159576416015625,"y":8.493008613586426,"z":-1.8206546306610108},"rotation":{"x":-0.1656932383775711,"y":0.024261508136987687,"z":-0.004030030220746994,"w":-0.9859352707862854},"size":12.073325157165528,"orthographic":false}