{"cameraMode":{"drawMode":0,"name":"Shaded","section":"Shading Mode"},"sceneLighting":false,"audioPlay":false,"sceneViewState":{"showFog":false,"showMaterialUpdate":false,"showSkybox":false,"showFlares":false,"showImageEffects":false,"showParticleSystems":false},"in2DMode":false,"pivot":{"x":0.14987075328826905,"y":2.813795566558838,"z":-0.00016629695892333984},"rotation":{"x":-0.0842345729470253,"y":-0.26918184757232668,"z":0.023647578433156015,"w":-0.9591460227966309},"size":2.897937297821045,"orthographic":false}